idiom,match,explanation
for crying out loud,Y,an expression of frustration or annoyance
turn a blind eye,Y,to ignore or pretend not to notice something
get to grips with,Y,to understand or become familiar with something
grind to a halt,Y,to slowly come to a stop or cease functioning
let bygones be bygones,Y,to forget past grievances and move on
every man for himself,Y,a situation where individuals prioritize their own interests
sign of the times,Y,an indication of the current social or cultural situation
at the end of the day,Y,finally or ultimately
come to terms with,Y,to accept and deal with a difficult reality
with a view to,Y,with the intention or purpose of
in the long run,Y,over an extended period of time
keep a low profile,Y,to avoid attracting attention
tell it like it is,Y,to speak honestly and directly
sing the praises of,Y,to enthusiastically express approval or admiration
rub someone up the wrong way,Y,to irritate or annoy someone
in the driving seat,Y,in control or in a position of authority
fall by the wayside,Y,to fail or be abandoned
to the tune of,Y,to the amount or extent of
take someone's word for it,Y,to believe what someone says without verification
on the spur of the moment,Y,done spontaneously without planning
the grass is always greener,Y,the belief that other people's situations are better than one's own
from rags to riches,Y,a journey from poverty to wealth
in no uncertain terms,Y,expressed clearly and decisively
read between the lines,Y,to understand the hidden or implied meaning
lead someone up the garden path,Y,to deceive or mislead someone
for the time being,Y,temporarily or for now
take a dim view of,Y,to disapprove of something
all in a day's work,Y,something considered routine or expected
at a snail's pace,Y,very slowly or at a sluggish speed
go hand in hand,Y,to be closely connected or associated
play hard to get,Y,to pretend to be uninterested to increase one's attractiveness
grin like a Cheshire cat,Y,to smile broadly and often mischievously
at a loose end,Y,having nothing to do or being idle
come to think of it,Y,upon reflection or consideration
to all intents and purposes,Y,effectively or in practical terms
back to square one,Y,returning to the starting point
kill the goose that lays the golden eggs,Y,to destroy a valuable source of income
fall on deaf ears,Y,to be ignored or disregarded
by hook or by crook,Y,by any means necessary
go from strength to strength,Y,to continually improve or succeed
in this day and age,Y,in the current era or period of time
fight tooth and nail,Y,to fiercely and determinedly resist or compete
wipe the floor with,Y,to defeat decisively in a competition or argument
come to grips with,Y,to understand or become familiar with something
pull out all the stops,Y,to make every possible effort
keep a lid on,Y,to control or suppress something
few and far between,Y,rare or infrequent
great minds think alike,Y,used when two people have the same idea or opinion
all hell broke loose,Y,chaos or disorder erupted
get the better of,Y,to overcome or outsmart someone
high as a kite,Y,intoxicated or under the influence of drugs
make head or tail of,Y,to comprehend or understand something
as luck would have it,Y,by chance or fortunately
err on the side of,Y,to choose the safer or more cautious option
your guess is as good as mine,Y,"I don't know, and I have no more information than you do"
bring the house down,Y,to elicit enthusiastic applause or laughter from an audience
follow in someone's footsteps,Y,to imitate or succeed someone in a particular role
set the wheels in motion,Y,to initiate or start a process
sign on the dotted line,Y,to formally agree or commit to something by signing a document
pour cold water on,N,to discourage or dampen enthusiasm for an idea
break the back of,Y,to complete the most difficult or challenging part of a task
for the hell of it,Y,without a specific reason or purpose
hold the purse strings,Y,to control or manage finances
fall between two stools,Y,to fail to meet the expectations of two different groups
smoke like a chimney,Y,to smoke heavily and frequently
cuckoo in the nest,Y,an intruder or unwelcome presence in a group
beat swords into ploughshares,N,to turn weapons into tools or promote peace
add insult to injury,Y,to make a bad situation worse
as the crow flies,Y,"in a straight line, without detours"
"been there, done that",Y,having experienced or done something before
pay through the nose,Y,to pay a high price for something
the die is cast,Y,a decision has been made and cannot be changed
from the cradle to the grave,Y,throughout one's entire life
take the bull by the horns,Y,to confront a difficult situation directly
over my dead body,Y,used to express strong opposition or resistance
at the drop of a hat,Y,immediately or without hesitation
grin and bear it,Y,to endure a difficult or unpleasant situation with a positive attitude
let your hair down,Y,to relax and enjoy oneself
put a sock in it,Y,to tell someone to be quiet or stop talking
when push comes to shove,Y,when a situation becomes difficult or critical
call a spade a spade,Y,to speak bluntly or directly
easier said than done,Y,more difficult to achieve than to talk about
stick out like a sore thumb,Y,to be very noticeable or conspicuous
between the devil and the deep blue sea,Y,faced with two equally difficult choices
in one ear and out the other,Y,not remembered or retained
keep your fingers crossed,Y,to hope for a positive outcome
knock someone's socks off,Y,to impress or amaze someone
you can't have your cake and eat it,Y,you can't enjoy the benefits of something while still possessing it
the icing on the cake,Y,an additional benefit or enhancement to an already positive situation
no two ways about it,Y,no doubt or alternative interpretation
within an ace of,Y,very close to
through thick and thin,Y,through all difficulties and challenges
take it or leave it,Y,accept the offer as it is or reject it
till the cows come home,Y,for a very long time or indefinitely
get in on the ground floor,Y,to join an endeavor at the beginning or early stage
kill two birds with one stone,Y,to accomplish two things with a single action
put your oar in,Y,to interfere or offer unsolicited opinions
under lock and key,Y,securely locked or protected
keep the wolf from the door,Y,to maintain financial stability and avoid poverty
hit the nail on the head,Y,to accurately identify the main point or issue
blood is thicker than water,Y,Family bonds are stronger than other relationships.
in the lap of luxury,Y,Living in great comfort and luxury.
in black and white,Y,"Presented or seen in clear, stark contrast, often referring to monochrome visuals."
come rain or shine,Y,Regardless of the circumstances or weather conditions.
by no stretch of the imagination,Y,Not at all conceivable or possible.
stand up and be counted,Y,Take a stand or make one's opinions or actions known.
look on the bright side,Y,Optimistically consider the positive aspects of a situation.
fall on stony ground,Y,Meet with resistance or lack of receptivity.
when the chips are down,Y,During difficult or challenging times.
come hell or high water,Y,Regardless of the difficulties or obstacles.
bite off more than you can chew,Y,Take on a task that is too big or beyond one's capabilities.
have no truck with,Y,Refuse to be involved or associated with something.
throw down the gauntlet,Y,Issue a challenge to someone.
run something up the flagpole,Y,Present an idea or proposal to see how others react.
rake over old coals,Y,Revisit or rehash old and possibly unpleasant issues.
make a mountain out of a molehill,Y,Exaggerate or make a big deal out of a minor issue.
the rest is history,Y,The subsequent events or outcome is well-known or understood.
leave no stone unturned,Y,Examine thoroughly and explore every possible option.
at sixes and sevens,Y,In a state of confusion or disorder.
put a damper on,Y,Dampen enthusiasm or make a situation less enjoyable.
throw cold water on,Y,Discourage or criticize an idea or plan.
there's no such thing as a free lunch,Y,Everything has a cost or consequence; nothing is truly free.
out of thin air,Y,Appearing or being created seemingly from nothing.
make a clean break,N,End a relationship or situation decisively and without lingering issues.
when all is said and done,Y,In the final analysis or after everything is considered.
back to the drawing board,Y,Starting again from the beginning because the previous attempt failed.
play fast and loose,Y,Behave recklessly or irresponsibly.
draw the short straw,Y,Be selected or assigned an undesirable or difficult task.
make short work of,Y,Complete a task quickly and efficiently.
pull a rabbit out of a hat,Y,Achieve something surprising or unexpected.
wipe the slate clean,Y,"Start anew with a fresh start, often after resolving past issues."
all things being equal,Y,Assuming that all relevant factors are the same.
nudge nudge wink wink,Y,"A suggestive or conspiratorial gesture, often implying a hidden meaning."
set your sights on,Y,Aim or focus on achieving a particular goal.
dressed to the nines,Y,Dressed very elegantly or stylishly.
fall off the back of a lorry,N,Obtained illegally or without proper authorization.
flat as a pancake,Y,Completely flat or level.
wouldn't hurt a fly,Y,Extremely gentle or non-aggressive.
see eye to eye,Y,Agree completely with someone.
in the wink of an eye,Y,In an extremely short amount of time.
curiosity killed the cat,Y,Being too inquisitive or nosy can lead to trouble.
no smoke without fire,Y,There is likely some truth to a rumor or accusation.
chickens come home to roost,Y,Negative consequences resulting from past actions.
put words in someone's mouth,Y,Falsely attribute words or opinions to someone.
put your best foot forward,Y,Make a good impression by displaying one's best qualities.
wither on the vine,N,Gradually decline or deteriorate due to neglect.
better late than never,Y,It's better for something to happen late than not at all.
in the nick of time,Y,Just in time; narrowly avoiding disaster.
put your foot down,Y,Assert oneself and establish boundaries.
keep your options open,Y,Avoid committing to a particular course of action; remain flexible.
plain as a pikestaff,Y,Very clear and obvious.
move heaven and earth,Y,Make an extraordinary effort to achieve something.
take a leaf out of someone's book,Y,Imitate or learn from someone else's successful approach.
pull a fast one,Y,Deceive or trick someone in a clever or unexpected way.
look before you leap,Y,Consider the consequences before taking action.
burn the midnight oil,Y,Work late into the night; put in extra hours of effort.
only time will tell,Y,The outcome or truth will be revealed in the future.
rest on your laurels,Y,Be satisfied with past accomplishments and not strive for more.
look the other way,Y,Deliberately ignore or pretend not to notice something.
stand the test of time,Y,Endure and remain relevant or effective over a long period.
bark up the wrong tree,Y,Misdirect one's efforts or pursue the wrong person or thing.
jack of all trades,Y,A person with a wide range of skills or abilities.
friends in high places,Y,Having influential or powerful connections.
come up smelling of roses,Y,Emerging from a difficult situation with a positive outcome.
separate the wheat from the chaff,Y,Distinguish valuable elements from worthless ones.
put the cart before the horse,Y,Reverse the proper order of doing things.
take the wind out of someone's sails,Y,Diminish someone's enthusiasm or confidence.
take the rough with the smooth,Y,Accept both the difficulties and the pleasures of a situation.
you scratch my back and I'll scratch yours,Y,Mutual cooperation or assistance.
between a rock and a hard place,Y,Facing a dilemma with no easy solution.
every trick in the book,Y,"Using every possible method, often to deceive or achieve an advantage."
fly in the face of,Y,Act in direct opposition to a prevailing opinion or convention.
dead as a doornail,Y,Completely lifeless or devoid of any activity.
to the nth degree,Y,To the highest or utmost extent.
from pillar to post,Y,Moving or being sent from one place to another with no clear purpose.
have your work cut out,Y,Face a difficult or challenging task.
every nook and cranny,Y,In every small or hidden place.
everything but the kitchen sink,Y,Including every possible item or detail.
too clever by half,Y,"Overly confident or intelligent, often to a fault."
better the devil you know,Y,"Prefer the familiar, even if it is unpleasant, over the unknown."
make light work of,Y,Complete a task easily and quickly.
turn over a new leaf,Y,Make a fresh start and adopt a new and improved behavior.
public enemy number one,Y,A person or thing that is widely regarded as a significant threat or danger.
"out of sight, out of mind",Y,"If something or someone is not visible, it is easy to forget."
beggars can't be choosers,Y,Those in a disadvantaged position should not be too selective.
keep a straight face,Y,"Maintain a serious or composed facial expression, especially in a humorous situation."
like a bat out of hell,Y,Moving extremely fast or with great urgency.
neither fish nor fowl,Y,Does not fit into any clear category or definition.
in the blink of an eye,Y,Happening very quickly; almost instantaneously.
by a long shot,N,By a considerable margin; not even close.
all bets are off,Y,The usual rules or expectations no longer apply.
no time like the present,Y,The best time to do something is right now.
in the fast lane,N,"Living a lifestyle characterized by excitement, risk, or fast-paced activity."
start off on the wrong foot,Y,Begin a relationship or endeavor in a negative or unfavorable way.
throw the book at,Y,Impose severe punishment or criticism on someone.
don't hold your breath,Y,Don't expect something to happen soon or at all.
it takes two to tango,Y,Both parties involved are responsible for a situation or conflict.
add fuel to the fire,Y,Worsen a conflict or make a situation more intense.
sick as a parrot,N,Extremely disappointed or upset about something.
by leaps and bounds,Y,Progressing or improving quickly and significantly.
once in a blue moon,Y,very rarely or almost never
get your teeth into,Y,to become deeply involved or engaged in something
throw caution to the wind,Y,to take a risk without worrying about the consequences
throw your weight around,Y,to use power or influence aggressively
batten down the hatches,Y,to prepare for a difficult or challenging situation
flog a dead horse,Y,to persist in a futile effort
wake up and smell the coffee,Y,to become aware of the reality of a situation
press the panic button,Y,to react with extreme fear or anxiety in a crisis
come in from the cold,Y,to be welcomed or accepted after a period of isolation or exclusion
dead to the world,Y,deeply asleep or unconscious
bite someone's head off,Y,to respond to someone angrily or sharply
think outside the box,Y,to think creatively or unconventionally
burn the candle at both ends,Y,to overwork or exhaust oneself by staying up late and getting up early
cut the Gordian knot,Y,to solve a complex problem in a direct and decisive way
leave someone in the lurch,Y,to abandon or leave someone in a difficult situation
throw good money after bad,Y,to continue to invest in a failing project or endeavor
you can't teach an old dog new tricks,Y,"it's difficult to teach someone new things, especially if they are set in their ways"
pass the time of day,Y,to exchange casual greetings or small talk
away with the fairies,N,to be lost in one's thoughts or daydreaming
prick up your ears,Y,to become attentive and listen carefully
give someone a bloody nose,Y,to defeat or harm someone in a confrontation
cast pearls before swine,Y,to offer something valuable to someone who does not appreciate it
rub someone the wrong way,Y,to irritate or annoy someone
have a mountain to climb,Y,to face a significant challenge or obstacle
put the kibosh on,Y,to put an end to or stop something
what goes around comes around,Y,the consequences of one's actions will eventually catch up to them
by the seat of your pants,Y,to do something by intuition or instinct rather than a plan
never the twain shall meet,Y,two things or people are so different that they can never be reconciled or united
"once bitten, twice shy",Y,"after a negative experience, one is cautious to avoid a similar situation"
the buck stops here,Y,taking responsibility for a decision or situation
two heads are better than one,Y,collaboration and teamwork can lead to better solutions
get on like a house on fire,Y,to form a close and friendly relationship quickly
put the cat among the pigeons,Y,to cause trouble or stir up a situation
keep your powder dry,Y,to be prepared for future challenges or opportunities
bring home the bacon,Y,to earn a living or provide financial support for one's family
send someone to Coventry,N,to ostracize or ignore someone intentionally
shoot from the hip,Y,to speak or act without careful consideration
keep your chin up,Y,to remain optimistic in the face of adversity
put up or shut up,Y,to either take action or stop making complaints
hold all the aces,N,to have a significant advantage or control in a situation
don't give up the day job,Y,advising someone not to pursue a career in a particular activity
on a silver platter,Y,to be given something without having to work for it
give as good as you get,Y,to respond with equal force or intensity
nothing to write home about,Y,not particularly noteworthy or impressive
take a shine to,Y,to develop a liking or affection for someone or something
get a handle on,Y,to gain control or understanding of a situation
you could have knocked me down with a feather,Y,to be extremely surprised or shocked
get down to brass tacks,Y,to focus on the essential or important details
better safe than sorry,Y,it's wiser to be cautious and avoid unnecessary risks
put your cards on the table,Y,to be open and honest about one's intentions or opinions
no rest for the wicked,Y,there is always work or trouble to deal with
push the panic button,Y,to react with extreme fear or anxiety in a crisis
go down like a lead balloon,Y,to be poorly received or fail miserably
in the driver's seat,Y,to be in control or in a position of authority
asleep at the wheel,Y,not paying attention or neglecting one's responsibilities
the ball is in someone's court,Y,it is someone else's turn or responsibility to take action
eat your heart out,Y,used to express one's pride or satisfaction
not to be sneezed at,Y,to be significant or worthwhile
straight from the horse's mouth,Y,information received directly from the source
draw a bead on,Y,to take aim or target someone or something
dog in the manger,N,someone who prevents others from enjoying something they themselves do not want
sweep someone off their feet,Y,to impress or charm someone deeply
jump down someone's throat,Y,to react angrily or sharply to someone
not just a pretty face,Y,someone who is not only attractive but also intelligent or competent
do the right thing,Y,to behave ethically or morally
beat the daylights out of,Y,to beat someone severely
put the moves on,Y,to make romantic or flirtatious advances
let the genie out of the bottle,Y,to release something powerful or uncontrollable
let the cat out of the bag,Y,to reveal a secret or disclose information prematurely
get your skates on,Y,to hurry up or move quickly
close but no cigar,Y,almost successful but not quite
snap someone's head off,Y,to respond to someone sharply or angrily
still waters run deep,Y,someone who appears calm on the surface may have hidden depths
too many cooks spoil the broth,Y,"when too many people are involved in something, it may not turn out well"
take the gilt off the gingerbread,Y,to spoil or diminish the attractiveness of something
shuffle off this mortal coil,Y,to die
throw the baby out with the bathwater,N,to discard something valuable along with the unnecessary
"in for a penny, in for a pound",Y,committed to something regardless of the consequences
not to put too fine a point on it,Y,to state something bluntly or directly
give someone a piece of your mind,Y,to express one's strong opinions or criticism
from the horse's mouth,Y,information obtained directly from a reliable source
come down the pike,N,to appear or come into view
keep your nose to the grindstone,Y,to work hard and diligently
thumb your nose at,Y,to express contempt or defiance towards someone or something
fish in troubled waters,Y,to take advantage of a difficult or chaotic situation
a little bird told me,Y,hearing a secret from an anonymous or undisclosed source
"day in, day out",Y,something that happens regularly or routinely
dead as a dodo,N,completely lifeless or extinct
go the extra mile,Y,to make an additional effort or go beyond what is required
start off on the right foot,Y,to begin something with a positive or favorable approach
time and tide wait for no man,Y,opportunities or events must be seized promptly as they do not wait
warm the cockles of someone's heart,Y,to bring warmth or happiness to someone
get your feet wet,Y,to gain initial experience or familiarity with something new
kick against the pricks,N,to resist or rebel against authority or criticism
by the skin of your teeth,Y,narrowly escaping a difficult or dangerous situation
not bat an eye,Y,to show no emotional reaction or surprise
get a rise out of,Y,to provoke a reaction or response from someone
keep your head above water,Y,"to manage to survive or cope, especially in difficult circumstances"
make a night of it,Y,to spend an evening out enjoying oneself
draw a line in the sand,Y,to establish a limit or boundary that should not be crossed
blow the lid off,Y,reveal a hidden truth or secret
it's all Greek to me,Y,something is difficult to understand
dot the i's and cross the t's,N,pay attention to small details
haul someone over the coals,Y,criticize or reprimand someone severely
separate the sheep from the goats,Y,distinguish between good and bad
put your heads together,Y,collaborate or work together on a problem
speak of the devil,Y,someone mentioned appears immediately
have a tiger by the tail,Y,deal with a dangerous or challenging situation
spare the rod and spoil the child,Y,discipline is necessary for good upbringing
"waste not, want not",Y,"if you use resources wisely, you will not lack them"
it never rains but it pours,Y,problems often come all at once
rain cats and dogs,Y,heavy rainfall
bury your head in the sand,Y,ignore or avoid a problem
make money hand over fist,Y,earn money rapidly and in large amounts
have a bun in the oven,Y,be pregnant
throw your hat in the ring,Y,declare your candidacy or participation
put the screws on,N,apply pressure or coercion
kill the fatted calf,Y,celebrate extravagantly
there's no fool like an old fool,Y,older people can make foolish decisions
all dressed up and nowhere to go,Y,ready but with no plans or opportunity
keep your nose clean,Y,stay out of trouble or avoid wrongdoing
a dime a dozen,Y,very common and easy to find
get your act together,Y,organize yourself and your affairs
give someone the benefit of the doubt,Y,believe someone's statement without proof
go back to the drawing board,Y,start over because of failure or dissatisfaction
it's not rocket science,Y,something is not complicated or difficult
let someone off the hook,Y,release someone from responsibility or obligation
make a long story short,Y,summarize a story or explanation
"no pain, no gain",Y,hard work and effort are necessary for success
so far so good,Y,everything is going well up to this point
the best of both worlds,Y,enjoying the advantages of two different things
to get bent out of shape,Y,get upset or angry
to make matters worse,Y,make a bad situation even more difficult
we'll cross that bridge when we come to it,Y,deal with a problem when it arises
a bird in the hand is worth two in the bush,Y,it's better to have something certain than to risk losing it for something uncertain
a penny saved is a penny earned,Y,saving money is as valuable as earning it
a picture is worth 1000 words,Y,visual representation is more effective than words
actions speak louder than words,Y,what someone does is more important than what they say
barking up the wrong tree,Y,looking for something in the wrong place or blaming the wrong person
birds of a feather flock together,Y,people with similar interests or characteristics tend to associate with each other
comparing apples to oranges,Y,comparing two things that are not comparable
costs an arm and a leg,Y,very expensive
do something at the drop of a hat,Y,do something without hesitation or delay
do unto others as you would have them do unto you,Y,treat others as you would like to be treated
don't count your chickens before they hatch,Y,don't anticipate success before it actually occurs
don't cry over spilt milk,Y,don't be upset over something that has already happened and cannot be changed
don't give up your day job,Y,you are not skilled at something you are attempting
don't put all your eggs in one basket,Y,don't put all your resources or hopes in one possibility
every cloud has a silver lining,Y,there is something positive in every negative situation
get a taste of your own medicine,Y,experience the same negative treatment that you have given to others
give someone the cold shoulder,Y,ignore or treat someone with deliberate coldness
go on a wild goose chase,Y,pursue a hopeless or fruitless task
good things come to those who wait,Y,"be patient, and positive outcomes will eventually occur"
he has bigger fish to fry,Y,he has more important or pressing matters to attend to
he's a chip off the old block,Y,he resembles or takes after his parent(s)
it ain't over till the fat lady sings,Y,don't assume the outcome until it is certain
it takes one to know one,Y,a person is knowledgeable about a particular trait or behavior because they possess that trait or behavior
it's a piece of cake,Y,something is very easy to do
it's raining cats and dogs,Y,heavy rainfall
saving for a rainy day,Y,setting aside money or resources for future needs or emergencies
slow and steady wins the race,Y,consistent and careful effort leads to success
take a rain check,Y,postpone a plan or invitation
take it with a grain of salt,Y,don't completely believe or trust something
the ball is in your court,Y,it is your responsibility or decision to make
the best thing since sliced bread,Y,something excellent or innovative
the devil is in the details,Y,problems or difficulties are often found in the small details
the early bird gets the worm,Y,the one who takes action first has the best chance for success
the elephant in the room,Y,an obvious problem or issue that is being ignored
the whole nine yards,Y,"everything, all the way"
there are other fish in the sea,Y,other opportunities or people are available
there's a method to his madness,Y,there is a purpose or reason behind seemingly chaotic actions
you can't have your cake and eat it too,Y,"you can't have everything, especially if choices contradict each other"
you can't judge a book by its cover,Y,you can't assess someone or something solely by appearance
a little learning is a dangerous thing,Y,having a small amount of knowledge can lead to overconfidence and mistakes
a snowball's chance in hell,Y,almost no chance of success
a storm in a teacup,Y,a small problem or disagreement that is exaggerated
an apple a day keeps the doctor away,Y,eating healthily helps prevent illness
an ounce of prevention is worth a pound of cure,Y,it is better to prevent a problem than to fix it later
calm before the storm,Y,a period of peace before a disturbance or crisis
don't beat a dead horse,Y,don't waste time on a futile effort
every dog has his day,Y,everyone has their moment of success or glory
have your head in the clouds,Y,to be dreamy or not paying attention to reality
he who laughs last laughs loudest,N,the person who has the last laugh wins in the end
hear something straight from the horse's mouth,Y,get information directly from the source
he's off his rocker,N,he is crazy or mentally unstable
it is always darkest before the dawn,Y,difficult times often precede improvement or success
know which way the wind is blowing,Y,be aware of current trends or developments
like two peas in a pod,Y,very similar or identical
make hay while the sun shines,Y,take advantage of favorable conditions
shape up or ship out,Y,improve your behavior or leave
that ship has sailed,Y,an opportunity has passed or is no longer possible
the pot calling the kettle black,Y,accusing someone of a fault that you also possess
there are clouds on the horizon,Y,trouble or problems are approaching
those who live in glass houses shouldn't throw stones,Y,those who have faults or flaws should not criticize others
we see eye to eye,Y,agree with someone
when it rains it pours,Y,problems or difficulties tend to come all at once
you can catch more flies with honey than you can with vinegar,Y,being kind or polite is more effective than being harsh or critical
"you can lead a horse to water, but you can't make him drink",Y,"you can provide an opportunity, but you cannot force someone to take advantage of it"
you can't make an omelet without breaking some eggs,Y,achieving something good often involves some sacrifice or unpleasantness
keep up the good work,Y,continue doing well or improving
not in a million years,Y,never in the distant future
between life and death,Y,in a very serious or critical condition
for love nor money,Y,no matter how much effort or money is offered
just what the doctor ordered,Y,exactly what is needed or beneficial
in the cold light of day,Y,when things are seen clearly and realistically
in the wake of,Y,following or as a result of
the letter of the law,Y,strict adherence to the law
the men in grey suits,Y,officials or authorities who make important decisions
the spirit of the law,Y,the underlying purpose or intention of a law
middle of the road,N,"moderate, neither extreme nor radical"
caught in the crossfire,N,involved in a conflict or argument between two parties
a breath of fresh air,Y,something new and refreshing
a clean bill of health,Y,confirmation of good health
a new lease of life,Y,a fresh start or a renewed opportunity
in the heat of the moment,N,acting impulsively or emotionally without thinking
a fate worse than death,Y,a situation considered to be even more unpleasant than death
a fish out of water,Y,feeling uncomfortable or out of place in a particular situation
a flash in the pan,Y,something that shows initial promise but fails to deliver lasting success
a fly on the wall,Y,an unnoticed observer of a situation
a foot in the door,Y,initial success or opportunity that may lead to further advancement
a safe pair of hands,Y,someone reliable and trustworthy
a sight for sore eyes,Y,"a welcome and pleasant sight, especially after a difficult or tiring experience"
a slap on the wrist,Y,a mild punishment or reprimand for a minor offense
absence makes the heart grow fonder,Y,being away from someone or something makes you appreciate it more
as high as a kite,Y,being under the influence of drugs or excessively excited
stranger things have happened,Y,unusual or unexpected events are not unprecedented
it's a small world,Y,unexpectedly encountering familiar people or situations in different places
give credit where credit is due,Y,acknowledge and appreciate someone's efforts or achievements
the straw that broke the camel's back,Y,the final incident or burden that causes a situation to become unbearable
you reap what you sow,Y,consequences result from one's actions or behavior
turn a deaf ear,Y,ignore or refuse to listen to something
finding a needle in a haystack,Y,trying to locate something extremely difficult or elusive
see light at the end of the tunnel,Y,having hope or optimism for a positive outcome in a challenging situation
don't look a gift horse in the mouth,Y,appreciate a gift or opportunity without questioning its value or worthiness
make hair stand on end,Y,cause extreme fear or horror
taste of your own medicine,Y,experience the negative consequences of one's own actions
a fish rots from the head down,Y,corruption or problems start at the highest levels of leadership or authority
know like the back of your hand,Y,be very familiar with or have extensive knowledge of something
have finger in too many pies,Y,be involved in too many activities or projects
no pain no gain,Y,hard work and effort are necessary to achieve success
there's no smoke without fire,Y,there is usually some truth to rumors or accusations
its raining cats and dogs,Y,heavy rain
have two pennies to rub together,Y,be very poor or financially struggling
be glad to see the back of,Y,be happy when someone or something is gone or no longer a part of your life
to rub salt in the wound,Y,make a bad situation even more painful or difficult
crème de la crème,Y,the best or highest quality
in an extremely blissful state,Y,very happy or content
don't count your chickens before they've hatched,Y,don't make plans based on uncertain events or outcomes
feeling a bit under the weather,Y,not feeling well or slightly ill
talking to a brick wall,Y,attempting to communicate with someone who is unresponsive or unyielding
packed (in) like sardines,Y,crowded or tightly packed together
to be at the end of one's rope,N,to be at the limit of one's patience or resources
hard work never hurt anyone,Y,emphasizing the value of effort and diligence in achieving success
the odd one out,Y,someone or something that is different from the others in a group
having to start all over again,Y,beginning anew after facing setbacks or failures
that's the heart of the matter,Y,the most important or essential aspect of a situation
"to have your cake and eat it, too",Y,wanting to enjoy the benefits of a situation without facing the drawbacks
hear it on the grapevine,N,learn information through unofficial or informal channels
to place the cherry on top,Y,to add a final touch to make something perfect
make a bad situation even worse,Y,to exacerbate or worsen an already difficult or unpleasant situation
caught with one's hand in the cookie jar,Y,discovered in the act of doing something wrong or dishonest
by hook or crook,Y,"by any means necessary, even if they are dishonest or unconventional"
wouldn't be caught dead,Y,absolutely unwilling to do or be associated with something
don't toot your own horn,Y,don't boast or brag about your own achievements
snake in the grass,Y,someone who pretends to be friendly but is actually deceitful or treacherous
rome wasn't built in a day,Y,significant achievements take time and effort
to paint the town red,Y,to go out and celebrate extravagantly
the shoemaker's son always goes barefoot,Y,someone may neglect those closest to them while attending to the needs of others
savings set aside for future use,Y,money saved for a later time or emergency
misfortunes never come singly,Y,problems or difficulties often occur in clusters or one after another
tough nut to crack,Y,a difficult problem or person to deal with
cross that bridge when you come to it,Y,"deal with a problem or situation when it arises, not in advance"
not playing with a full deck,Y,mentally challenged or not thinking clearly
a person who really talks too much,Y,someone who is excessively talkative
the apple doesn't fall far from the tree,Y,children often resemble or inherit characteristics from their parents
for a very long time,Y,an extended or considerable duration
it's greek to me,Y,something that is difficult to understand or confusing
to be green with envy,Y,to be extremely jealous or envious
the ends justifies the means,Y,the overall outcome justifies any means or methods used to achieve it
walk on thin ice,Y,engage in risky behavior or be in a precarious situation
beat a dead horse,Y,waste time and effort on something that has already been resolved or is no longer relevant
three sheets to the wind,Y,"being heavily intoxicated, especially with alcohol"
to bite the dust,N,to suffer defeat or failure
lose one's train of thought,Y,forget what one was talking or thinking about
throw a spanner in the works,Y,introduce a complication or problem that disrupts plans or progress
can't judge a book by its cover,Y,"appearances can be deceiving, and one should not judge based solely on external appearances"
on the pig's back,Y,in a state of good fortune or success
have an ax to grind,Y,to have a personal grievance or ulterior motive
pull the wool over one's eyes,Y,deceive or trick someone
come a long way,Y,have made significant progress or improvement
a bitter pill to swallow,Y,a difficult or unpleasant truth that must be accepted
cry over spilt milk,Y,to lament or be upset about something that has already happened and cannot be changed
virtually impossible to find,N,extremely difficult or nearly impossible to locate
"united we stand, divided we fall",Y,"strength and success come from unity, while division leads to failure"
pull the cat's tail,Y,to provoke trouble or stir up a situation
tomorrow is another day,Y,there will be new opportunities or chances in the future
all that glitters is not gold,Y,something may appear valuable or attractive but may not be as good as it seems
off the beaten track,N,away from the usual or common path
head for the hills,Y,"to run away or escape, especially from a difficult situation"
bring up the rear,Y,to be the last in a group or procession
make your blood boil,Y,to make someone very angry
put the boot in,Y,"to kick someone, especially when they are already down"
paint the town red,Y,"to go out and celebrate, often in a lively and extravagant manner"
in the short run,N,in the near future; for a short period
lay down the law,Y,to state something very firmly and authoritatively
put the wind up,N,to cause someone to feel nervous or frightened
cog in the machine,N,"a person who plays a small, necessary role in a large organization or system"
quick as a flash,Y,very quickly
in the final analysis,Y,after considering all the facts; ultimately
beat about the bush,Y,to avoid getting to the main point; to speak evasively
foam at the mouth,Y,to be extremely angry or agitated
sit on the fence,N,to remain neutral; to not take a side in an argument or dispute
stand someone in good stead,Y,to be of great benefit or advantage to someone in the future
on the face of it,Y,"based on what appears to be true, but may not be the complete story"
pick up the pieces,N,to recover or rebuild after a setback or disaster
economical with the truth,Y,to not tell the whole truth; to be somewhat deceptive
blow hot and cold,Y,to be inconsistent or indecisive in one's attitude or behavior
ahead of the curve,Y,to be more advanced or ahead of others in a particular area
dyed in the wool,Y,deep-rooted; ingrained; unchanging
licence to print money,Y,a highly profitable or lucrative opportunity
water under the bridge,Y,something that happened in the past and is no longer relevant or important
the joke is on someone,N,someone is being mocked or fooled without realizing it
state of the art,Y,at the forefront of technological or artistic development
wet behind the ears,Y,inexperienced; naive
rise to the occasion,N,to meet a challenge or perform well under pressure
keep your pecker up,Y,to stay optimistic; to keep one's spirits high
turn something on its head,Y,to completely change or reverse a situation
as the actress said to the bishop,Y,a humorous remark suggesting a double entendre or sexual innuendo
hair of the dog,Y,a remedy or treatment that involves doing more of what caused the problem
step on someone's toes,Y,to unintentionally interfere with or offend someone
eat like a horse,N,to have a very large appetite; to eat a lot
wide of the mark,Y,inaccurate; not on target
pie in the sky,Y,an unrealistic or overly optimistic goal or dream
do a number on,Y,to manipulate or deceive someone; to cause harm or distress
from the word go,N,from the very beginning; from the start
too big for your boots,N,arrogant; having an inflated sense of one's own importance
cast your mind back,Y,to remember; to recall past events
sure as eggs is eggs,Y,absolutely certain; without a doubt
boys will be boys,Y,used to excuse or dismiss boys' mischievous or irresponsible behavior
jump on the bandwagon,Y,to adopt a popular activity or trend
kick up a fuss,Y,to make a lot of noise or protest about something
any port in a storm,Y,"to accept any solution or refuge, no matter how undesirable, in a difficult situation"
nine times out of ten,Y,almost always; in the majority of cases
stick your neck out,Y,"to take a risk or express an opinion, especially when it's not popular"
go down the wrong way,N,to be difficult to accept or be poorly received
talk out of turn,N,to speak at an inappropriate time or about something one should not discuss
in the family way,N,pregnant
work like a charm,Y,to work very well or be highly effective
come to a head,Y,to reach a critical or decisive point
saved by the bell,Y,rescued from a difficult or embarrassing situation at the last moment
deaf as a post,Y,completely or very hard of hearing
put a foot wrong,N,to make a mistake or error
fit as a fiddle,Y,in very good health and physical condition
the ayes have it,Y,used to announce a majority vote in favor of a motion
that makes two of us,Y,I agree; I feel the same way
strike while the iron is hot,Y,to take advantage of an opportunity at the right moment
flash in the pan,Y,something that starts out promising but quickly loses its success or popularity
rise from the ashes,Y,to recover or be reborn after a failure or setback
have a screw loose,Y,to be eccentric or mentally unstable
get away with murder,N,to escape punishment for serious wrongdoing
breathe down someone's neck,Y,to closely watch or supervise someone
easy on the eye,N,physically attractive
slip through the net,N,to go unnoticed or undetected
neck of the woods,Y,a specific area or neighborhood
hot under the collar,Y,angry or agitated
play into someone's hands,Y,to unintentionally do something that helps someone else
come out in the wash,N,to become clear or resolved over time
light at the end of the tunnel,Y,hope or relief after a difficult or challenging period
weak at the knees,Y,"feeling faint or overwhelmed, especially due to excitement or attraction"
power behind the throne,Y,an influential person who operates behind the scenes
as good as new,Y,in excellent condition after being repaired or restored
bang for the buck,Y,value for money; the return on investment
let's be having you,Y,a friendly or encouraging way of asking someone to come or participate
at a loss for words,Y,unable to find the right words; speechless
run out of gas,N,to lose energy or enthusiasm; to become tired or exhausted
place in the sun,N,a comfortable or favorable position
drive someone up the wall,Y,to annoy or irritate someone greatly
have an eye for,Y,to be good at recognizing or appreciating
do someone's head in,Y,to confuse or frustrate someone
grist to the mill,Y,something that is useful or advantageous
dead in the water,Y,without a chance of success; unlikely to happen
sleep like a log,N,to sleep very soundly
slip of the pen,N,a small mistake made in writing
not a pretty sight,Y,unpleasant or unattractive to look at
paper over the cracks,N,to conceal or temporarily fix problems without addressing the underlying issues
swear like a trooper,N,to use strong and offensive language
bounce off the walls,Y,to be very energetic or hyperactive
think the world of,N,to have a very high opinion or great affection for someone
broad in the beam,Y,having a wide or large build
different strokes for different folks,Y,people have different preferences or ways of doing things
ride for a fall,N,to behave in a way that will likely lead to trouble or failure
reach for the stars,Y,to set ambitious or lofty goals
armed to the teeth,Y,heavily armed; carrying a lot of weapons
throw in the towel,Y,to give up or surrender; to admit defeat
see the light of day,Y,to be realized or come into existence
easy as falling off a log,Y,very easy to do
shut the door on,N,to close the opportunity for something to happen
cock of the walk,Y,someone who is very confident and in control
straight from the shoulder,N,direct and honest; speaking plainly
make a pig's ear of,Y,to mess up or botch something
share and share alike,Y,everyone should get an equal share
laugh all the way to the bank,Y,to be very happy about making a lot of money
have a foot in both camps,N,to be involved with or support two opposing groups
swim against the tide,N,to go against popular opinion or prevailing trends
let sleeping dogs lie,Y,to avoid stirring up old conflicts or problems
sail under false colours,N,to deceive or mislead others about one's true intentions
laugh like a drain,N,to laugh loudly and heartily
slap on the wrist,Y,a mild or symbolic punishment
fight fire with fire,Y,to respond to an attack with a similar counterattack
make a meal of,N,to exaggerate or complicate a situation unnecessarily
lay a finger on,Y,"to touch or harm someone, especially when it's not allowed"
go round in circles,Y,to engage in repetitive or unproductive actions without making progress
jobs for the boys,N,"favoritism in employment, especially giving jobs to friends or associates"
live and let live,Y,to accept other people's differences and choices without interference
make a monkey of someone,Y,to mock or make a fool of someone
everything in the garden is rosy,N,everything is going well and smoothly
you pays your money and you takes your choice,Y,you make your decision and must accept the consequences
one in the eye for,Y,a setback or defeat for someone
birds of a feather,Y,people who have similar interests or characteristics
make a virtue of necessity,Y,to try to make the best of a situation that cannot be changed
play to the gallery,N,to act or perform in a way that pleases the audience or the masses
sell like hot cakes,Y,to be very popular and sell quickly
drop someone a line,Y,to write a brief letter or message
smell of the lamp,N,to have the scent of hard work or midnight oil
hang by a thread,Y,to be in a very precarious or vulnerable situation
mutton dressed as lamb,Y,an older person trying to appear younger than they are
I'll eat my hat,Y,a strong expression of disbelief or doubt
upset the apple cart,Y,to disrupt or spoil a plan or arrangement
the whole shooting match,Y,everything or everyone involved in a particular situation
put someone in mind of,Y,to remind someone of something or someone
poor as a church mouse,Y,extremely poor or destitute
on the horns of a dilemma,Y,facing a difficult choice with no easy solution
tough as old boots,Y,"very strong, resilient, or durable"
kiss and make up,Y,to reconcile or resolve a conflict with a gesture of goodwill
on your high horse,N,acting superior or self-righteous
one good turn deserves another,Y,"if someone does you a favor, you should return the favor"
rise through the ranks,Y,to advance in position or status within an organization
joined at the hip,Y,very closely connected or inseparable
long in the tooth,Y,old or aging
build castles in the air,Y,to daydream or make plans that are unlikely to happen
put your foot in it,N,to say or do something tactless or embarrassing
turn the other cheek,Y,to respond to an insult or injury with forbearance and forgiveness
sick as a dog,Y,very ill or unwell
sail close to the wind,Y,to take risks or behave in a way that is almost unacceptable
kick over the traces,Y,to rebel or defy authority
fit to be tied,Y,extremely angry or upset
gone with the wind,Y,gone or disappeared without a trace
throw someone to the wolves,Y,to abandon or sacrifice someone to danger or criticism
clean as a whistle,Y,completely clean or free of any wrongdoing
up hill and down dale,Y,over difficult terrain or through various challenges
pour oil on troubled waters,Y,to calm a difficult or tense situation
see a man about a dog,Y,to offer a vague excuse for leaving or being absent
keep body and soul together,Y,to maintain basic necessities for survival
fly off the handle,Y,to lose one's temper suddenly and violently
the world and his wife,Y,a large or diverse group of people
snug as a bug in a rug,Y,very comfortable and content
a penny for your thoughts,Y,a request to know what someone is thinking or feeling
be left holding the baby,N,to be left with responsibility for a difficult situation
have other fish to fry,Y,to have other more important or pressing matters to attend to
nutty as a fruitcake,Y,crazy or eccentric
par for the course,Y,typical or expected under the circumstances
strain at the leash,N,to be eager or impatient to act
poor little rich girl,Y,a wealthy girl who is unhappy or deprived in some way
man of the cloth,N,a clergyman or priest
sweat like a pig,Y,to sweat profusely
like peas in a pod,Y,very similar or identical in appearance or behavior
make heavy weather of,Y,to find something more difficult than it really is
drunk as a lord,N,very drunk
like a bear with a sore head,Y,in a very bad mood or irritable
kick up your heels,Y,to enjoy oneself and have a good time
pushing up the daisies,Y,dead and buried
to beat the band,N,to a great extent or degree
before you can say Jack Robinson,Y,very quickly or suddenly
talk nineteen to the dozen,N,to talk rapidly and incessantly
stick in your craw,N,to be difficult to accept or tolerate
fit like a glove,Y,to fit perfectly or suit very well
eat someone out of house and home,Y,to consume a large amount of food
discretion is the better part of valour,N,it is often wise to avoid unnecessary risks or conflicts
all over bar the shouting,Y,"nearly finished or concluded, with only minor details remaining"
cut your coat according to your cloth,Y,to manage one's resources according to one's means
reds under the bed,Y,fear or suspicion of communism or leftist influence
hit the right note,Y,to express oneself or handle a situation appropriately
silent as the grave,Y,completely silent and still
not miss a trick,N,to be very observant and not overlook anything
long time no see,Y,it has been a long time since we last met
champ at the bit,N,to be eager or impatient to start something
push the boat out,Y,to celebrate or spend extravagantly
talk of the devil,N,said when a person one is talking about unexpectedly appears
charity begins at home,Y,one should take care of one's own family and close ones before helping others
have someone's guts for garters,Y,to be extremely angry with someone and threaten severe punishment
"hook, line, and sinker",Y,completely and unquestioningly
not worth the candle,N,not worth the effort or cost
right up your street,N,well-suited to your interests or skills
cut from the same cloth,Y,similar in character or behavior
get your hands dirty,N,to involve oneself in dishonest or immoral activities
tread on someone's toes,Y,to offend or encroach upon someone's territory
"like father, like son",Y,a son resembles or takes after his father
stick to your guns,Y,to remain firm and resolute in one's opinions or decisions
bite the big one,Y,to fail or come to an end
not know you are born,N,unaware of one's privileged situation
stubborn as a mule,Y,very obstinate or unyielding
turn up like a bad penny,N,"unexpectedly reappear, often unwelcome"
cruising for a bruising,Y,seeking trouble or likely to encounter problems
prop up the bar,N,"spend a lot of time at a bar, especially drinking"
run before you can walk,Y,attempting something advanced before mastering the basics
hit the ground running,Y,start a new activity or job with great enthusiasm and speed
lie through your teeth,Y,tell a blatant and obvious lie
tell tales out of school,Y,reveal private or confidential information
rough around the edges,Y,not refined or polished; having imperfections
cast the first stone,Y,be the first to criticize or accuse
up a gum tree,Y,in a difficult or awkward situation
an Englishman's home is his castle,Y,one's home is a place of privacy and security
run into the sand,N,an effort or plan that fails to progress
keep your eyes peeled,N,stay alert and watchful
make bricks without straw,Y,attempting to do something without the necessary resources
every dog has its day,Y,everyone gets a chance or opportunity at some point
bring someone to book,N,hold someone accountable or make them face the consequences
ask for the moon,N,make an impractical or unreasonable request
die on the vine,N,fail to develop or progress
work your fingers to the bone,Y,work extremely hard
rob Peter to pay Paul,Y,take from one source to give to another; robbing one to pay another
whistle in the dark,Y,remain optimistic in a challenging or uncertain situation
drink like a fish,Y,consume alcohol excessively
thin as a rake,N,very thin or emaciated
come with the territory,N,be a natural consequence of a particular situation
come out of your shell,Y,become more sociable and outgoing
handsome is as handsome does,Y,a person's character is more important than their appearance
full of the joys of spring,Y,very happy and lively
use a sledgehammer to crack a nut,Y,apply excessive force or effort for a simple problem
roll up your sleeves,Y,prepare for hard work or a difficult task
have the hots for,Y,have a strong romantic or sexual attraction to someone
hit someone for six,Y,shock or completely overwhelm someone
too many chiefs and not enough Indians,N,too many leaders and not enough followers; too many bosses
"more haste, less speed",Y,haste or impatience may result in mistakes or delays
shipshape and Bristol fashion,Y,"neat, orderly, and well-organized"
put your shoulder to the wheel,Y,apply effort and work hard towards a goal
come to a pretty pass,Y,reach an undesirable or difficult situation
swim with the tide,N,go along with prevailing trends or opinions
carry a torch for,Y,harbor romantic feelings for someone
could eat a horse,Y,very hungry and willing to eat a large amount
roll with the punches,Y,adapt to and endure difficult situations
fire in the belly,N,strong determination or passion
beard the lion in his den,Y,confront someone in their own territory or domain
no peace for the wicked,Y,a guilty conscience causes unease or restlessness
lock the stable door after the horse has bolted,Y,take action to prevent a problem after it has already occurred
let someone down gently,N,deliver bad news or disappointment in a kind and considerate manner
something nasty in the woodshed,Y,a hidden or unpleasant family secret
see which way the cat jumps,Y,wait to see how a situation develops before making a decision
blow your own trumpet,Y,brag about one's own achievements or abilities
from stem to stern,Y,from one end to the other; completely
have someone by the short and curlies,Y,have someone in a difficult or compromising position
keep your eye on the ball,Y,stay focused on the main issue or goal
knock someone's block off,Y,deliver a powerful punch or physical blow
quiet as a mouse,Y,very quiet or silent
spread yourself too thin,Y,"try to do too many things at once, resulting in diminished effectiveness"
practise what you preach,Y,follow the advice or principles that one advocates
ring off the hook,Y,receive a large number of phone calls in a short period
a blessing in disguise,Y,something initially perceived as negative but ultimately beneficial
beat around the bush,Y,avoid getting to the main point; speak indirectly
call it a day,Y,decide to stop doing something; end an activity
cut somebody some slack,Y,give someone some leeway or forgiveness; be less strict
get out of hand,N,become uncontrollable or disorderly
get something out of your system,Y,express or eliminate pent-up emotions or desires
that's the last straw,N,the final event or action that makes a situation intolerable
time flies when you're having fun,Y,time seems to pass quickly when enjoying oneself
wrap your head around something,N,understand or comprehend something challenging
you can say that again,Y,express strong agreement with a statement
put something on ice,N,postpone or delay something
rain on someone's parade,N,spoil someone's plans or celebrations
a stitch in time saves nine,Y,taking prompt action can prevent more work later
as right as rain,Y,completely healthy or in good condition
bolt from the blue,Y,a sudden and unexpected event or surprise
fortune favours the bold,N,taking risks can lead to success or good fortune
get a second wind,N,regain energy or enthusiasm after a period of fatigue
get wind of something,N,hear rumors or receive information about something
go down in flames,N,fail spectacularly or disastrously
he's not playing with a full deck,Y,someone is not mentally or emotionally stable
he's sitting on the fence,N,someone is undecided or neutral in a dispute or decision
it is a poor workman who blames his tools,Y,incompetent people blame their equipment or tools for their failures
like riding a bicycle,N,"a skill that, once learned, is never forgotten"
out of the frying pan and into the fire,Y,escaping one predicament only to find oneself in a worse situation
run like the wind,Y,run very fast
well begun is half done,Y,starting a task well is a good step towards completing it successfully
bright as a button,N,very intelligent or quick-witted
pain in the neck,Y,annoying or troublesome
salt of the earth,Y,a good and honest person
in the best of health,Y,in excellent physical condition
in the eyes of the law,N,according to legal standards
to a fine art,N,mastered to a high degree of skill
man in the street,N,an ordinary person
money for old rope,Y,easy money for little effort
white as a sheet,N,extremely pale or frightened
cream of the crop,Y,the best of a group or selection
a whole new ball game,Y,a completely different situation or circumstance
an act of war,N,an action that is considered an act of aggression or war
an arm and a leg,Y,a very high cost or price
an eye for an eye,Y,retaliation in kind; seeking revenge
as poor as a church mouse,Y,extremely poor
cock and bull story,Y,an implausible or unbelievable tale
icing on the cake,Y,an additional benefit or enhancement to an already good situation
a load of cobblers,N,nonsense or untrue statements
a shot in the dark,N,an attempt or guess that is unlikely to succeed
first come first served,N,people will be served or dealt with in the order they arrive
hold on a second,Y,wait for a moment
son of a gun,N,used to express surprise or disappointment
put salt on his tail,N,make someone stop or slow down
one card shy of a full deck,Y,not very intelligent or mentally unstable
be in seventh heaven,Y,to be extremely happy or joyful
pull someone's bacon out of the fire,Y,to rescue or save someone from a difficult situation
butterflies in my stomach,Y,feeling nervous or anxious
look like a million dollars,N,to look very attractive or impressive
be happy when a person leaves,N,to be glad when someone departs
up a creek without a paddle,Y,in a difficult or hopeless situation
you can bet your life on that,N,very certain or confident about something
red in the face,Y,to be embarrassed or angry
hold your tongue back,N,refrain from speaking or expressing oneself
land on one's feet,Y,to come through a difficult situation successfully
the forbidden fruit is the sweetest,N,people are attracted to things that are prohibited or taboo
cut to the chase,Y,get to the main point without unnecessary details
talk the hind legs off a donkey,Y,talk excessively or for a very long time
"east or west, home is best",Y,one's own home is the best place to be
don't wash your dirty laundry in public,Y,don't discuss private or embarrassing matters in public
arm and a leg,Y,extremely expensive
"made your bed, now lie",Y,deal with the consequences of your actions
old chicken makes good soup,Y,experience contributes to wisdom
tip of the iceberg,N,"a small, visible part of a much larger issue"
cat got your tongue,Y,unable to speak or reply
neither a borrower or a lender be,Y,it's wise not to lend or borrow money
while there is life there is hope,Y,"as long as someone is alive, there is a chance for improvement"
bet your bottom dollar,Y,be very confident or certain about something
dumb as a post,N,very foolish or unintelligent
all sizzle and no steak,Y,promising much but delivering little
all the way to egery and back,Y,going to extremes
not a spark of decency,N,lacking in basic moral principles
a skeleton in the closet,Y,a hidden or secret shameful truth about someone
lose sleep over it,N,to worry or be anxious about something
penny for your thoughts,Y,asking someone what they are thinking
picture paints a thousand words,Y,a visual representation is more powerful than words
method to my madness,Y,there is a logical purpose in what may seem chaotic or random
a voice crying in the wilderness,Y,someone expressing an unpopular opinion or warning
cast in the same mould,N,similar in character or personality
as old as the hills,Y,very old or ancient
roll up one's sleeves,Y,prepare to work hard or get involved
company in distress makes sorrow less,N,difficulties are easier to bear when shared with others
your belly button is bigger than your stomach,N,ambitious or desiring more than one can handle
no flying from fate,N,one cannot escape or avoid destiny
speak off the cuff,Y,speak without preparation or rehearsal
a friend in need,Y,a true friend offers help in times of trouble
a cold day in hell,N,something that is very unlikely to happen
it doesn't hurt to ask,N,"it's always worth asking, as there is no harm in doing so"
whale of a time,Y,having a great and enjoyable time
elvis has left the building,Y,the show or event is over; it's time to leave